title,time
Rank the 50 best Apple products,2026-03-27T10:00:00Z
Between Jobs,2026-03-30T17:57:09Z
Apple could put ads in Maps as soon as this summer,2026-03-23T18:54:44Z
How the Vision Pro Rollout Inflamed Tensions at Apple,2026-04-07T10:00:00Z
Apple is going high-end with new ‘Ultra’ products next,2026-03-08T17:51:15Z
Nuki adds Apple Home Key to its smart lock,2026-03-24T13:02:13Z
Apple Studio Display XDR review: pro at a premium,2026-03-09T19:53:45Z
Apple is testing a standalone app for its overhauled Siri,2026-03-24T20:41:24Z
Here’s how to rank the 50 best Apple products ever,2026-03-26T23:31:02Z
How the Apple Watch defined modern health tech,2026-04-03T12:52:14Z
The Apple Watch SE 3 is even easier to recommend at $50 off,2026-03-24T17:18:10Z
"Hermès doesn’t include a power adapter with its $5,150 charging case",2026-03-19T19:08:03Z
The MacBook Neo is a winner,2026-03-13T13:13:16Z
Apple’s $549 AirPods Max 2 add better ANC and live translation,2026-03-16T13:33:17Z
Apple’s WWDC 2026 event starts June 8th,2026-03-23T17:21:53Z
Iran Threatens to Start Attacking Major US Tech Firms on April 1,2026-03-31T21:25:12Z
Apple reduces App Store fees in China to ward off regulators,2026-03-13T11:16:12Z
What's New in the AirPods Max 2? Breaking Down Apple's Headphone Update,2026-03-16T20:14:33Z
Apple smart home display rumors now point to a fall launch with iOS 27,2026-03-09T22:26:50Z
Apple Removes iPhone Vibe Coding App from App Store,2026-03-31T09:30:59Z
Apple’s iOS 26.4 update adds age verification in the UK,2026-03-25T13:54:10Z
Steve Jobs and the greatest run of products in tech history,2026-03-29T17:15:36Z
‘Severance’ Star Dichen Lachman Has a New Job: Vampire Slayer,2026-03-20T14:00:41Z
Why WWDC 2026 Will Be Apple’s Most Important Developer Conference in Years,2026-03-23T18:00:44Z
"Apple’s Delay-Plagued Siri Project Has Also Interfered with Physical Product Releases, Report Says",2026-03-15T17:23:41Z
"Apple’s Mac Pro is dead, apparently for good this time",2026-03-26T22:21:05Z
‘Pluribus’ Might Ignore That Giant Bomb of a Season One Cliffhanger,2026-03-19T12:00:24Z
The Best Gadgets of March 2026,2026-03-31T20:05:23Z
Aqara Smart Lock U400 Review: Hands-free Unlocking at Its Best,2026-03-29T15:00:34Z
Apple’s Siri Isn’t Just Going to Use One Chatbot. It’s Going to Use All of Them,2026-03-26T21:40:09Z
Apple at 50: Three products that changed how we live - and three that really didn't,2026-04-04T23:56:55Z
The Macintosh changed computers forever,2026-03-29T12:30:36Z
Apple’s sci-fi thriller Dark Matter is back in August,2026-04-07T13:04:35Z
"iPhone Fold rumor: iPad-like multitasking, but no iPad apps and no Face ID",2026-03-11T22:22:33Z
My favorite robot vacuum now supports Matter,2026-03-18T17:30:07Z
The Beats Studio Pro are nearly $200 off ahead of Amazon’s big spring sale,2026-03-17T20:38:08Z
Apple Requires Device-Level Age Verification in the UK Now. Could the US Be Next?,2026-03-26T19:35:22Z
‘I Don’t Use AI Much’: Apple Co-Founder Expresses Skepticism AI Can Replace Humans,2026-03-24T09:00:41Z
Anthropic is launching a new AI model for cybersecurity,2026-04-07T16:41:21Z
Report: Apple Is Testing Features That Will Put Siri All Over Your iPhone Experience,2026-03-25T10:30:55Z
Apple App Store Experiences Surge in New Apps Amid Vibe Coding Boom,2026-04-06T10:00:39Z
"Fitbit’s budget-friendly Inspire 3 is $30 off, matching its best price",2026-03-26T18:41:42Z
Apple Announces Ads Are Coming to Apple Maps,2026-03-24T16:22:46Z
"This Is Supposedly the Final, Final, FINAL Look of the Foldable iPhone",2026-04-07T14:30:58Z
Apple Intelligence Accidentally Goes Live in China Before Regulatory Approval,2026-03-30T19:48:12Z
Apple TV Is Now Almost 20 Years Old,2026-03-21T13:14:04Z
Best Laptops (2026): My Honest Advice Having Tested Hundreds,2026-03-23T11:30:00Z
Apple’s new M5 Max feels like a huge upgrade if you bought your laptop 3 years ago,2026-03-09T20:02:29Z
"Apple Releases Fourth watchOS 26.4, tvOS 26.4 and visionOS 26.4 Betas",2026-03-09T17:13:30Z
New Apple Immersive Video of BBC Proms Concert on Apple Vision Pro,2026-03-27T13:05:16Z
Apple TV Releasing Star-Studded Movie Next Month,2026-03-17T13:40:23Z
Apple Announces WWDC 2026 Will Take Place June 8 to 12,2026-03-23T16:55:57Z
New Apple TV Waiting for Siri: Here's What's Coming When It Launches,2026-04-03T21:56:47Z
Apple Announces AirPods Max 2,2026-03-16T13:12:44Z
"Apple's 50th: Mumford & Sons in London, Illuminated Artwork in Sydney",2026-03-25T21:27:06Z
Mexico is Seemingly Getting a Third Apple Store,2026-03-23T20:54:48Z
tvOS 26.4 Adds These New Features to Your Apple TV,2026-03-25T22:33:00Z
Apple Releasing Two New iPhone Apps This Year,2026-03-28T15:00:00Z
Apple Turns Off Payments in Russia,2026-04-02T15:47:30Z
Apple Adds 'Genius Browse' Movie and TV Recommendations to Apple TV in tvOS 26.4,2026-03-18T23:17:12Z
There’s a Good Reason the MacBook Neo Is Apple’s Most Repairable Laptop,2026-03-16T16:10:24Z
No Major Apple Watch Redesign Expected This Year,2026-03-26T18:12:55Z
Apple Hoping to 3D-Print More Products,2026-03-08T14:25:43Z
Apple Can Create Smaller On-Device AI Models From Google's Gemini,2026-03-25T16:53:40Z
Amazon’s best Echo speakers and screens just got their biggest discounts,2026-03-16T15:15:16Z
New Apple TV 4K and HomePod Likely Won't Launch Until New Siri is Ready,2026-03-09T19:43:50Z
Satechi’s 3-in-1 travel stand now wirelessly charges your phone at 25W,2026-04-02T22:16:11Z
"Apple Invites App Updated, Here's What's New",2026-03-11T14:49:48Z
Apple Released Seven New Products Today,2026-03-11T14:05:00Z
