title,clean_title
Rank the 50 best Apple products,rank the  best apple products
Between Jobs,between jobs
Apple could put ads in Maps as soon as this summer,apple could put ads in maps as soon as this summer
Apple Studio Display XDR review: pro at a premium,apple studio display xdr review pro at a premium
Apple is going high-end with new ‘Ultra’ products next,apple is going highend with new ultra products next
Nuki adds Apple Home Key to its smart lock,nuki adds apple home key to its smart lock
Apple is testing a standalone app for its overhauled Siri,apple is testing a standalone app for its overhauled siri
Here’s how to rank the 50 best Apple products ever,heres how to rank the  best apple products ever
How the Apple Watch defined modern health tech,how the apple watch defined modern health tech
The MacBook Neo is a winner,the macbook neo is a winner
"Hermès doesn’t include a power adapter with its $5,150 charging case",herms doesnt include a power adapter with its  charging case
The Apple Watch SE 3 is even easier to recommend at $50 off,the apple watch se  is even easier to recommend at  off
Apple’s $549 AirPods Max 2 add better ANC and live translation,apples  airpods max  add better anc and live translation
Apple’s WWDC 2026 event starts June 8th,apples wwdc  event starts june th
Iran Threatens to Start Attacking Major US Tech Firms on April 1,iran threatens to start attacking major us tech firms on april 
Apple reduces App Store fees in China to ward off regulators,apple reduces app store fees in china to ward off regulators
What's New in the AirPods Max 2? Breaking Down Apple's Headphone Update,whats new in the airpods max  breaking down apples headphone update
Apple smart home display rumors now point to a fall launch with iOS 27,apple smart home display rumors now point to a fall launch with ios 
Apple Removes iPhone Vibe Coding App from App Store,apple removes iphone vibe coding app from app store
Apple’s iOS 26.4 update adds age verification in the UK,apples ios  update adds age verification in the uk
Steve Jobs and the greatest run of products in tech history,steve jobs and the greatest run of products in tech history
Why WWDC 2026 Will Be Apple’s Most Important Developer Conference in Years,why wwdc  will be apples most important developer conference in years
‘Severance’ Star Dichen Lachman Has a New Job: Vampire Slayer,severance star dichen lachman has a new job vampire slayer
"Apple’s Delay-Plagued Siri Project Has Also Interfered with Physical Product Releases, Report Says",apples delayplagued siri project has also interfered with physical product releases report says
"Apple’s Mac Pro is dead, apparently for good this time",apples mac pro is dead apparently for good this time
‘Pluribus’ Might Ignore That Giant Bomb of a Season One Cliffhanger,pluribus might ignore that giant bomb of a season one cliffhanger
The Best Gadgets of March 2026,the best gadgets of march 
Aqara Smart Lock U400 Review: Hands-free Unlocking at Its Best,aqara smart lock u review handsfree unlocking at its best
Apple’s Siri Isn’t Just Going to Use One Chatbot. It’s Going to Use All of Them,apples siri isnt just going to use one chatbot its going to use all of them
Apple at 50: Three products that changed how we live - and three that really didn't,apple at  three products that changed how we live  and three that really didnt
The Macintosh changed computers forever,the macintosh changed computers forever
"iPhone Fold rumor: iPad-like multitasking, but no iPad apps and no Face ID",iphone fold rumor ipadlike multitasking but no ipad apps and no face id
My favorite robot vacuum now supports Matter,my favorite robot vacuum now supports matter
You can already save up to $50 on the new M4 iPad Air,you can already save up to  on the new m ipad air
The Beats Studio Pro are nearly $200 off ahead of Amazon’s big spring sale,the beats studio pro are nearly  off ahead of amazons big spring sale
‘I Don’t Use AI Much’: Apple Co-Founder Expresses Skepticism AI Can Replace Humans,i dont use ai much apple cofounder expresses skepticism ai can replace humans
Apple Requires Device-Level Age Verification in the UK Now. Could the US Be Next?,apple requires devicelevel age verification in the uk now could the us be next
"Fitbit’s budget-friendly Inspire 3 is $30 off, matching its best price",fitbits budgetfriendly inspire  is  off matching its best price
Report: Apple Is Testing Features That Will Put Siri All Over Your iPhone Experience,report apple is testing features that will put siri all over your iphone experience
Apple Announces Ads Are Coming to Apple Maps,apple announces ads are coming to apple maps
Apple Intelligence Accidentally Goes Live in China Before Regulatory Approval,apple intelligence accidentally goes live in china before regulatory approval
Apple TV Is Now Almost 20 Years Old,apple tv is now almost  years old
Best Laptops (2026): My Honest Advice Having Tested Hundreds,best laptops  my honest advice having tested hundreds
Apple’s new M5 Max feels like a huge upgrade if you bought your laptop 3 years ago,apples new m max feels like a huge upgrade if you bought your laptop  years ago
"Apple Releases Fourth watchOS 26.4, tvOS 26.4 and visionOS 26.4 Betas",apple releases fourth watchos  tvos  and visionos  betas
Apple TV Releasing Star-Studded Movie Next Month,apple tv releasing starstudded movie next month
New Apple Immersive Video of BBC Proms Concert on Apple Vision Pro,new apple immersive video of bbc proms concert on apple vision pro
Apple Announces WWDC 2026 Will Take Place June 8 to 12,apple announces wwdc  will take place june  to 
New Apple TV Waiting for Siri: Here's What's Coming When It Launches,new apple tv waiting for siri heres whats coming when it launches
Apple Announces AirPods Max 2,apple announces airpods max 
"Apple's 50th: Mumford & Sons in London, Illuminated Artwork in Sydney",apples th mumford  sons in london illuminated artwork in sydney
Mexico is Seemingly Getting a Third Apple Store,mexico is seemingly getting a third apple store
tvOS 26.4 Adds These New Features to Your Apple TV,tvos  adds these new features to your apple tv
Apple Releasing Two New iPhone Apps This Year,apple releasing two new iphone apps this year
Apple Turns Off Payments in Russia,apple turns off payments in russia
Apple Adds 'Genius Browse' Movie and TV Recommendations to Apple TV in tvOS 26.4,apple adds genius browse movie and tv recommendations to apple tv in tvos 
There’s a Good Reason the MacBook Neo Is Apple’s Most Repairable Laptop,theres a good reason the macbook neo is apples most repairable laptop
No Major Apple Watch Redesign Expected This Year,no major apple watch redesign expected this year
Apple Hoping to 3D-Print More Products,apple hoping to dprint more products
Apple Can Create Smaller On-Device AI Models From Google's Gemini,apple can create smaller ondevice ai models from googles gemini
Amazon’s best Echo speakers and screens just got their biggest discounts,amazons best echo speakers and screens just got their biggest discounts
New Apple TV 4K and HomePod Likely Won't Launch Until New Siri is Ready,new apple tv k and homepod likely wont launch until new siri is ready
The latest Matter update improves camera streaming,the latest matter update improves camera streaming
"Apple Invites App Updated, Here's What's New",apple invites app updated heres whats new
Apple Released Seven New Products Today,apple released seven new products today
Apple Discontinued These 15 Products This Week,apple discontinued these  products this week
The MacRumors Show: Apple Announces WWDC 2026,the macrumors show apple announces wwdc 
Apple Mac Pro Fades Into Oblivion,apple mac pro fades into oblivion
Apple Watch AFib History Feature Launches in Mainland China,apple watch afib history feature launches in mainland china
Apple Kicks Off 50th Anniversary With Surprise Alicia Keys Concert in New York,apple kicks off th anniversary with surprise alicia keys concert in new york
The First Trailer for ‘Widow’s Bay’ Welcomes You to a Creepy Horror Comedy,the first trailer for widows bay welcomes you to a creepy horror comedy
