title,publishedAt,source
Rebecca Lowe: America is going to ‘fall in love’ with Zlatan Ibrahimović,2026-06-06T20:45:01Z,Awful Announcing
Bayern Munich star Lennart Karl could be out six weeks or more,2026-06-06T20:36:01Z,Bavarian Football Works
Fastest mobile chipsets ranked: compare smartphone processor performance,2026-06-06T20:33:02Z,GSMArena.com
pymcu-avr-toolchain added to PyPI,2026-06-06T20:07:10Z,Pypi.org
Groveton Centerville baseball shuts out Gordon 2-0 to capture 1A state title,2026-06-06T20:03:32Z,Ketk.com
How to watch Argentina vs Honduras match in the USA: Live Stream and TV for 2026 International Friendly,2026-06-06T20:00:00Z,Worldsoccertalk.com
"What To Watch This Week: 50+ Premieres, Finales, And More",2026-06-06T20:00:00Z,TVLine
Ochsner’s Hill on Building a Throughput Engine and the Epic Cosmos Stat That Surprised Him,2026-06-06T19:45:57Z,Healthsystemcio.com
Gwyneth Paltrow reveals her husband thinks she's a REPUBLICAN as she candidly addresses her political stance,2026-06-06T19:41:24Z,Dailymail.com
Get $500 Off This 55-Inch Samsung OLED TV And Enjoy The FIFA World Cup,2026-06-06T19:32:51Z,redmondpie.com
9 Changes Apple TV’s Cape Fear Makes To The Robert De Niro Movie,2026-06-06T19:30:21Z,Screen Rant
Indie App Spotlight: ‘Grit Method’ builds character with 4 daily goals,2026-06-06T19:30:00Z,9to5Mac
"This Refurbished M1 MacBook Pro With 16GB RAM, 512GB SSD Is Just $539 Right Now",2026-06-06T19:28:23Z,redmondpie.com
"iOS 27 is coming Monday: New features, compatibility, more",2026-06-06T19:21:33Z,9to5Mac
SlimTide Capsules [UPDATED WARNING 2026] Slim Tide Uncovering the Real Truth Behind the Trending Weight Loss Supplement,2026-06-06T19:21:00Z,GlobeNewswire
Fed's Mary Daly has blunt message for AI stock investors,2026-06-06T19:13:00Z,TheStreet
Culture of Death: New York Democrats Move to Replace 'Mother' with 'Gestating Parent',2026-06-06T19:10:24Z,Breitbart News
"California Cheating: Democrats Are Rigging the Election in CA, But Are They Doing It Legally?",2026-06-06T19:08:59Z,Breitbart News
mlx-taef 0.3.0,2026-06-06T19:08:14Z,Pypi.org
The Swiftie Effect: How Taylor Swift’s Record-Breaking ‘Toy Story 5’ Song Just Guaranteed a Box Office Behemoth,2026-06-06T19:05:06Z,Inside the Magic
Tony Award predictions 2026: ‘Schmigadoon’ vs. ‘The Lost Boys’,2026-06-06T19:03:37Z,New York Post
Michael J. Fox’s ‘Family Ties’ Emmy Win Changed the Record Books,2026-06-06T19:00:17Z,Hollywood Reporter
openbrand added to PyPI,2026-06-06T19:00:05Z,Pypi.org
The Hidden Trump Boom: Data Reveals American Economy Thriving,2026-06-06T18:54:15Z,Breitbart News
"Foldable iPhone May Not Come in Black, Leaker Suggests - MacRumors",2026-06-06T18:52:25Z,Slashdot.org
pymcu-rp2040-toolchain added to PyPI,2026-06-06T18:41:30Z,Pypi.org
China can build humanoids at scale. The hard part is finding enough buyers,2026-06-06T18:28:40Z,The Times of India
I gave my daughter a 'Yes Day' for her birthday. It became a parenting lesson for both of us.,2026-06-06T18:27:01Z,Business Insider
5 Apple CarPlay Apps Perfect For Audiobooks,2026-06-06T18:17:00Z,BGR
What to expect from WWDC 2026: Siri’s highly anticipated revamp and Apple Intelligence updates,2026-06-06T18:13:36Z,TechCrunch
memorised-them-all 1.7.0,2026-06-06T18:06:09Z,Pypi.org
"Oura Ring 5 vs. Oura Ring 4: Slimmer, and still with a subscription",2026-06-06T18:05:38Z,Android Central
"The 8 Best New Movies and Shows to Stream This Weekend on Netflix, Hulu and More",2026-06-06T18:00:00Z,TheWrap
How to watch Brazil vs Egypt match in the USA: Live Stream and TV for 2026 International Friendly,2026-06-06T18:00:00Z,Worldsoccertalk.com
How to watch Venezuela vs Turkiye match in the USA: Live Stream and TV for 2026 International Friendly,2026-06-06T18:00:00Z,Worldsoccertalk.com
Taylor Swift rides high as new Toy Story 5 song smashes records… as Travis Kelce wedding venue talk reaches fever pitch,2026-06-06T17:59:25Z,Dailymail.com
Andoni Iraola’s first words on AXA training centre pitch speak volumes for the players,2026-06-06T17:55:00Z,Empire of The Kop
Hands-on: BenQ’s new MA270S is a glossy 27-inch 5K display made for Mac,2026-06-06T17:41:00Z,9to5Mac
"Pluribus EP: Writers ""About midway Through Season 2, Breaking It""",2026-06-06T17:37:08Z,Bleeding Cool News
"Apple’s iPhone Ultra Hinge Will Double As A Heatsink, With Its Liquidmetal Construction Stronger Than Titanium",2026-06-06T17:33:13Z,Wccftech
Microsoft’s Games Showcase Comes at a Pivotal Moment for Xbox,2026-06-06T17:33:06Z,Thurrott.com
Microsoft’s Games Showcase Comes at a Pivotal Moment for Xbox,2026-06-06T17:33:06Z,Thurrott.com
Here’s Why Apple (AAPL) is One of the Best Big Company Stocks to Buy Right Now,2026-06-06T17:24:54Z,Yahoo Entertainment
"Naomi Watts' transgender daughter Kai, 17, makes rare outing with brother Sasha, 18, in New York City",2026-06-06T17:19:56Z,Dailymail.com
Breaking: Bayern Munich draws VfL Osnabrück in DFB-Pokal,2026-06-06T17:18:57Z,Bavarian Football Works
72-year-old Mexican chain has closed over 150 restaurants,2026-06-06T17:17:00Z,TheStreet
Miss Subways 2026 crowns its new queen — inside the quirky New York pageant’s history and its big resurgence,2026-06-06T17:04:27Z,New York Post
UFC Fight Night start time for Belal Muhammad vs. Gabriel Bonfim: Where to watch live on Paramount+,2026-06-06T17:03:29Z,CBS Sports
Xiaomi 18 Fold or Mix Fold 5: HyperOS leak all but confirms iPhone Ultra competitor,2026-06-06T17:03:00Z,Notebookcheck.net
Landon Donovan says MLS is ‘not mature enough yet’ to completely abandon linear TV,2026-06-06T17:00:16Z,Awful Announcing
5 Smartwatches Worth Waiting For in Fall 2026,2026-06-06T17:00:10Z,The Gadgeteer
The Dow's Split Personality: Why Some Winners Soar While Others Drag Down the Dow,2026-06-06T17:00:02Z,Barchart.com
"‘Nothing is trying to reposition hardware as something expressive, not just a neutral container for software’: design experts on why Nothing's Charli XCX collaboration makes sense in the ‘boring’ age of smartphones",2026-06-06T17:00:00Z,TechRadar
memorised-them-all 1.6.3,2026-06-06T16:56:41Z,Pypi.org
"Apple iPhone 18 Pro Max: Check expected launch date, price, features, expected camera upgrade, processor, battery and more",2026-06-06T16:50:05Z,The Times of India
Buffy Star Alyson Hannigan Honors Anthony Head in Touching Post,2026-06-06T16:43:10Z,Bleeding Cool News
Pep Guardiola warns Andoni Iraola after taking the Liverpool job,2026-06-06T16:40:00Z,Empire of The Kop
Apple plans Siri reboot to enhance AI capabilities at WWDC 2026,2026-06-06T16:37:54Z,Crypto Briefing
rapid-mlx 0.6.79,2026-06-06T16:31:59Z,Pypi.org
"How AMC Is Relaunching ‘Interview With the Vampire’ as ‘The Vampire Lestat’ — Complete With Rock Concert, Major Marketing Tie-Ins and 20 Original Songs",2026-06-06T16:30:00Z,Variety
SCHD’s $85 Billion Strategy Now Concentrates 41 Percent of Your Money in Just Ten Stocks,2026-06-06T16:11:45Z,24/7 Wall St.
What teams would make sense for the Boston Celtics in a Jaylen Brown trade?,2026-06-06T16:11:27Z,USA Today
Is MSG Available for Rentals? What to Know Amid Taylor Swift Wedding Rumors,2026-06-06T16:07:50Z,Us Weekly
"AppleMagazine - June 5, 2026",2026-06-06T16:04:53Z,Rlsbb.to
"Every Major Smart Ring Brand Ranked From Worst To Best, According To Experts",2026-06-06T16:02:00Z,BGR
MiB: Beating the S&P For Generations with Chris Davis of Davis Funds,2026-06-06T16:00:40Z,Ritholtz.com
Harry Kane is the key to England’s chances at World Cup,2026-06-06T16:00:00Z,Bavarian Football Works
How to watch England vs New Zealand match in the USA: Live Stream and TV for 2026 International Friendly,2026-06-06T16:00:00Z,Worldsoccertalk.com
How to watch Bolivia vs Scotland match in the USA: Live Stream and TV for 2026 International Friendly,2026-06-06T16:00:00Z,Worldsoccertalk.com
"When Does ‘From’ Return With New Episodes? ‘From’ Season, 4 Episode 7 Title/Premiere Date",2026-06-06T16:00:00Z,Decider
sigmashake-darwin-arm64 0.29.155,2026-06-06T15:56:54Z,Pypi.org
You Can Run,2026-06-06T15:55:46Z,Atavist.com
Woot Open-Box Sale: Up to 94% off + free shipping w/ Prime,2026-06-06T15:43:40Z,Dealnews.com
Apple TV’s 10-Part Crime Series Based On Robert De Niro Classic Is An Instant Streaming Smash,2026-06-06T15:30:22Z,Screen Rant
Apple’s New Sci-Fi Series With Near-Perfect RT Score Is a Surprising First (& Begins a New Trend),2026-06-06T15:30:00Z,ComicBook.com
Liverpool have to give up on Michael Olise transfer dream after Real Madrid show their hand,2026-06-06T15:30:00Z,Empire of The Kop
"Germany vs. USMNT: Match discussion, Game time thread, How to watch",2026-06-06T15:30:00Z,Bavarian Football Works
Chromebook Vs iPad: Which Is Best If You Don't Want A Windows Laptop?,2026-06-06T15:22:14Z,SlashGear
"tvOS 27 is Apple’s chance to finally fix Apple TV gaming, here’s how",2026-06-06T15:19:00Z,9to5Mac
After Slot exit: ‘Amazing’ Liverpool ace Van Dijk loves wants return to old club & it’s not Gakpo,2026-06-06T15:15:00Z,Empire of The Kop
iOS 27: Seven new iPhone features are coming soon,2026-06-06T15:10:49Z,9to5Mac
The Seattle Storm used to be the ‘tail’ on the ‘dog’ of its NBA counterpart. Now the WNBA team is leading the city’s basketball revival,2026-06-06T15:04:22Z,Fortune
Beyond Instagram: Introducing the next generation of social apps | TechCrunch,2026-06-06T15:01:55Z,TechCrunch
How to watch Australia vs Switzerland match in the USA: Live Stream and TV for 2026 International Friendly,2026-06-06T15:00:00Z,Worldsoccertalk.com
"The Circular Ring 2 is a decent, subscription-free smart ring, but it misses out on what made Circular rings truly unique",2026-06-06T14:57:00Z,Android Central
Show HN: Minimal native macOS sandbox for Claude and Codex,2026-06-06T14:53:04Z,Github.com
Nvidia market cap falls below $5T amid AI sector shifts,2026-06-06T14:50:56Z,Crypto Briefing
The Floppy Disk patent was granted today in 1972 — when 80KB took up 8 inches and were really floppy,2026-06-06T14:45:15Z,Tom's Hardware UK
Report: Target turned customer fitting rooms into prayer space for Muslims,2026-06-06T14:42:28Z,Wnd.com
NY Knicks Star Landry Shamet Shows Off His GOOD LUCK CHARM … His Blonde GF!!,2026-06-06T14:37:20Z,Showbiz Cheat Sheet
Warren Buffett's Berkshire triples stake in newspaper giant,2026-06-06T14:37:00Z,TheStreet
How to watch USMNT vs Germany match in the USA: Live Stream and TV for 2026 International Friendly,2026-06-06T14:30:00Z,Worldsoccertalk.com
I tried the SteelSeries Nimbus Cloud and feel like it’s just trying to do too much,2026-06-06T14:30:00Z,TechRadar
Luke Combs Joins Justin Bieber With Multiple Returning Smashes,2026-06-06T14:30:00Z,Forbes
