id,clean_title,sentiment,sentiment_label
1,"rebecca lowe america is going to fall in love with zlatan ibrahimovi",0.5,Positive
2,"bayern munich star lennart karl could be out six weeks or more",0.5,Positive
3,"fastest mobile chipsets ranked compare smartphone processor performance",0,Neutral
4,"pymcuavrtoolchain added to pypi",0,Neutral
5,"groveton centerville baseball shuts out gordon  to capture a state title",0,Neutral
6,"how to watch argentina vs honduras match in the usa live stream and tv for  international friendly",0.170455,Positive
7,"what to watch this week  premieres finales and more",0.5,Positive
8,"ochsners hill on building a throughput engine and the epic cosmos stat that surprised him",0.1,Positive
9,"gwyneth paltrow reveals her husband thinks shes a republican as she candidly addresses her political stance",0.3,Positive
10,"get  off this inch samsung oled tv and enjoy the fifa world cup",0.4,Positive
11," changes apple tvs cape fear makes to the robert de niro movie",0,Neutral
12,"indie app spotlight grit method builds character with  daily goals",0,Neutral
13,"this refurbished m macbook pro with gb ram gb ssd is just  right now",0.285714,Positive
14,"ios  is coming monday new features compatibility more",0.318182,Positive
15,"slimtide capsules updated warning  slim tide uncovering the real truth behind the trending weight loss supplement",-0.1,Negative
16,"feds mary daly has blunt message for ai stock investors",0,Neutral
17,"culture of death new york democrats move to replace mother with gestating parent",0.136364,Positive
18,"california cheating democrats are rigging the election in ca but are they doing it legally",0.2,Positive
19,"mlxtaef ",0,Neutral
20,"the swiftie effect how taylor swifts recordbreaking toy story  song just guaranteed a box office behemoth",0,Neutral
21,"tony award predictions  schmigadoon vs the lost boys",0,Neutral
22,"michael j foxs family ties emmy win changed the record books",0.8,Positive
23,"openbrand added to pypi",0,Neutral
24,"the hidden trump boom data reveals american economy thriving",-0.0833333,Negative
25,"foldable iphone may not come in black leaker suggests  macrumors",-0.166667,Negative
26,"pymcurptoolchain added to pypi",0,Neutral
27,"china can build humanoids at scale the hard part is finding enough buyers",-0.145833,Negative
28,"i gave my daughter a yes day for her birthday it became a parenting lesson for both of us",0,Neutral
29," apple carplay apps perfect for audiobooks",1,Positive
30,"what to expect from wwdc  siris highly anticipated revamp and apple intelligence updates",0.16,Positive
31,"memorisedthemall ",0,Neutral
32,"oura ring  vs oura ring  slimmer and still with a subscription",0,Neutral
33,"the  best new movies and shows to stream this weekend on netflix hulu and more",0.545455,Positive
34,"how to watch brazil vs egypt match in the usa live stream and tv for  international friendly",0.170455,Positive
35,"how to watch venezuela vs turkiye match in the usa live stream and tv for  international friendly",0.170455,Positive
36,"taylor swift rides high as new toy story  song smashes records as travis kelce wedding venue talk reaches fever pitch",0.148182,Positive
37,"andoni iraolas first words on axa training centre pitch speak volumes for the players",0.25,Positive
38,"handson benqs new mas is a glossy inch k display made for mac",0.136364,Positive
39,"apples iphone ultra hinge will double as a heatsink with its liquidmetal construction stronger than titanium",0,Neutral
40,"microsofts games showcase comes at a pivotal moment for xbox",0.5,Positive
41,"heres why apple aapl is one of the best big company stocks to buy right now",0.428571,Positive
42,"naomi watts transgender daughter kai  makes rare outing with brother sasha  in new york city",0.218182,Positive
43,"breaking bayern munich draws vfl osnabrck in dfbpokal",0,Neutral
44,"yearold mexican chain has closed over  restaurants",-0.05,Negative
45,"miss subways  crowns its new queen  inside the quirky new york pageants history and its big resurgence",0.0681818,Positive
46,"ufc fight night start time for belal muhammad vs gabriel bonfim where to watch live on paramount",0.136364,Positive
47,"xiaomi  fold or mix fold  hyperos leak all but confirms iphone ultra competitor",0,Neutral
48,"landon donovan says mls is not mature enough yet to completely abandon linear tv",0.0166667,Positive
49," smartwatches worth waiting for in fall ",0.3,Positive
50,"the dows split personality why some winners soar while others drag down the dow",-0.127778,Negative
51,"nothing is trying to reposition hardware as something expressive not just a neutral container for software design experts on why nothings charli xcx collaboration makes sense in the boring age of smartphones",-0.1,Negative
52,"memorisedthemall ",0,Neutral
53,"apple iphone  pro max check expected launch date price features expected camera upgrade processor battery and more",0.1,Positive
54,"buffy star alyson hannigan honors anthony head in touching post",0.5,Positive
55,"pep guardiola warns andoni iraola after taking the liverpool job",0,Neutral
56,"apple plans siri reboot to enhance ai capabilities at wwdc ",0,Neutral
57,"rapidmlx ",0,Neutral
58,"how amc is relaunching interview with the vampire as the vampire lestat  complete with rock concert major marketing tieins and  original songs",0.179167,Positive
59,"schds  billion strategy now concentrates  percent of your money in just ten stocks",0,Neutral
60,"what teams would make sense for the boston celtics in a jaylen brown trade",0,Neutral
61,"is msg available for rentals what to know amid taylor swift wedding rumors",0.4,Positive
62,"applemagazine  june  ",0,Neutral
63,"every major smart ring brand ranked from worst to best according to experts",0.0691964,Positive
64,"mib beating the sp for generations with chris davis of davis funds",0,Neutral
65,"harry kane is the key to englands chances at world cup",0,Neutral
66,"how to watch england vs new zealand match in the usa live stream and tv for  international friendly",0.161932,Positive
67,"how to watch bolivia vs scotland match in the usa live stream and tv for  international friendly",0.170455,Positive
68,"when does from return with new episodes from season  episode  titlepremiere date",0.136364,Positive
69,"sigmashakedarwinarm ",0,Neutral
70,"you can run",0,Neutral
71,"woot openbox sale up to  off  free shipping w prime",0.4,Positive
72,"apple tvs part crime series based on robert de niro classic is an instant streaming smash",0.0833333,Positive
73,"apples new scifi series with nearperfect rt score is a surprising first  begins a new trend",0.305682,Positive
74,"liverpool have to give up on michael olise transfer dream after real madrid show their hand",0.2,Positive
75,"germany vs usmnt match discussion game time thread how to watch",-0.4,Negative
76,"chromebook vs ipad which is best if you dont want a windows laptop",1,Positive
77,"tvos  is apples chance to finally fix apple tv gaming heres how",0,Neutral
78,"after slot exit amazing liverpool ace van dijk loves wants return to old club  its not gakpo",0.3,Positive
79,"ios  seven new iphone features are coming soon",0.136364,Positive
80,"the seattle storm used to be the tail on the dog of its nba counterpart now the wnba team is leading the citys basketball revival",0,Neutral
81,"beyond instagram introducing the next generation of social apps  techcrunch",0.0166667,Positive
82,"how to watch australia vs switzerland match in the usa live stream and tv for  international friendly",0.170455,Positive
83,"the circular ring  is a decent subscriptionfree smart ring but it misses out on what made circular rings truly unique",0.251984,Positive
84,"show hn minimal native macos sandbox for claude and codex",-0.1,Negative
85,"nvidia market cap falls below t amid ai sector shifts",0,Neutral
86,"the floppy disk patent was granted today in   when kb took up  inches and were really floppy",0.2,Positive
87,"report target turned customer fitting rooms into prayer space for muslims",0.5,Positive
88,"ny knicks star landry shamet shows off his good luck charm  his blonde gf",0.35,Positive
89,"warren buffetts berkshire triples stake in newspaper giant",0,Neutral
90,"how to watch usmnt vs germany match in the usa live stream and tv for  international friendly",0.170455,Positive
91,"i tried the steelseries nimbus cloud and feel like its just trying to do too much",0.2,Positive
92,"luke combs joins justin bieber with multiple returning smashes",0,Neutral
